{"cameraMode":{"drawMode":0,"name":"Shaded","section":"Shading Mode"},"sceneLighting":true,"audioPlay":false,"sceneViewState":{"showFog":true,"showMaterialUpdate":false,"showSkybox":true,"showFlares":true,"showImageEffects":true,"showParticleSystems":true,"showVisualEffectGraphs":true,"m_FxEnabled":true},"in2DMode":false,"pivot":{"x":0.15070092678070069,"y":0.7829360961914063,"z":1.1611580848693848},"rotation":{"x":0.7227185964584351,"y":0.012437688186764717,"z":-0.013010325841605664,"w":0.6909062266349793},"size":22.9489688873291,"orthographic":false}