{"cameraMode":{"drawMode":0,"name":"Shaded","section":"Shading Mode"},"sceneLighting":true,"audioPlay":false,"sceneViewState":{"showFog":true,"showMaterialUpdate":false,"showSkybox":true,"showFlares":true,"showImageEffects":true,"showParticleSystems":true,"showVisualEffectGraphs":true,"m_FxEnabled":true},"in2DMode":false,"pivot":{"x":-0.28580546379089358,"y":10.082525253295899,"z":-17.154096603393556},"rotation":{"x":0.03449258580803871,"y":-0.005996376276016235,"z":0.0002069830079562962,"w":0.9993853569030762},"size":0.2820435166358948,"orthographic":false}