{"cameraMode":{"drawMode":0,"name":"Shaded","section":"Shading Mode"},"sceneLighting":true,"audioPlay":false,"sceneViewState":{"showFog":true,"showMaterialUpdate":false,"showSkybox":true,"showFlares":true,"showImageEffects":true,"showParticleSystems":true,"showVisualEffectGraphs":true,"m_FxEnabled":true},"in2DMode":false,"pivot":{"x":-0.18152646720409394,"y":-0.2579689025878906,"z":-4.868699073791504},"rotation":{"x":0.7238687872886658,"y":0.0020698050502687694,"z":-0.0021716097835451366,"w":0.6899310946464539},"size":17.842267990112306,"orthographic":false}